URL,Deployed on
https://fountainofscale.com/reports/magnettu,2026-04-11
https://fountainofscale.com/reports/rad-collab,2026-04-11
https://fountainofscale.com/reports/seed-through-series,2026-04-11
https://fountainofscale.com/reports/structured-consulting,2026-04-11
https://fountainofscale.com/reports/bocg-ventures,2026-04-11
https://fountainofscale.com/reports/the-sales-doctor,2026-04-14
https://fountainofscale.com/reports/vom,2026-04-14
https://fountainofscale.com/reports/active-membranes,2026-04-14
https://fountainofscale.com/reports/aethero,2026-04-14
https://fountainofscale.com/reports/aikido-technologies,2026-04-14
https://fountainofscale.com/reports/alchemist-material,2026-04-14
https://fountainofscale.com/reports/amptab,2026-04-14
https://fountainofscale.com/reports/autotext-ai,2026-04-14
https://fountainofscale.com/reports/azalea-robotics,2026-04-14
https://fountainofscale.com/reports/bundled,2026-04-14
https://fountainofscale.com/reports/cannformatics,2026-04-14
https://fountainofscale.com/reports/cardinal-biocraft,2026-04-15
https://fountainofscale.com/reports/cisterna-biologics,2026-04-15
https://fountainofscale.com/reports/clear-current,2026-04-15
https://fountainofscale.com/reports/crave-robotics,2026-04-15
https://fountainofscale.com/reports/displayride,2026-04-15
https://fountainofscale.com/reports/dive-lungfish,2026-04-15
https://fountainofscale.com/reports/dragon-q-energy,2026-04-15
https://fountainofscale.com/reports/energos,2026-04-15
https://fountainofscale.com/reports/eyedaptic,2026-04-15
https://fountainofscale.com/reports/flexwash,2026-04-15
https://fountainofscale.com/reports/forge,2026-04-15
https://fountainofscale.com/reports/genia,2026-04-15
https://fountainofscale.com/reports/gigacrop,2026-04-15
https://fountainofscale.com/reports/gladeo,2026-04-15
https://fountainofscale.com/reports/gofiteco,2026-04-15
https://fountainofscale.com/reports/greenstop,2026-04-15
https://fountainofscale.com/reports/gybe,2026-04-15
https://fountainofscale.com/reports/hammerhead-ai,2026-04-15
https://fountainofscale.com/reports/healthjay,2026-04-15
https://fountainofscale.com/reports/hermes-robotics,2026-04-15
https://fountainofscale.com/reports/icb-international,2026-04-15
https://fountainofscale.com/reports/jl-standard,2026-04-15
https://fountainofscale.com/reports/kinisi,2026-04-15
https://fountainofscale.com/reports/kit-switch,2026-04-15
https://fountainofscale.com/reports/kyte-dynamics,2026-04-15
https://fountainofscale.com/reports/la-jolla-labs,2026-04-15
https://fountainofscale.com/reports/le-bread-xpress,2026-04-15
https://fountainofscale.com/reports/leap-photovoltaics,2026-04-15
https://fountainofscale.com/reports/lumenuity,2026-04-15
https://fountainofscale.com/reports/maxim-athletic,2026-04-15
https://fountainofscale.com/reports/uniply,2026-04-15
https://fountainofscale.com/reports/miist-therapeutics,2026-04-16
https://fountainofscale.com/reports/mimicus,2026-04-16
https://fountainofscale.com/reports/nxgenport,2026-04-16
https://fountainofscale.com/reports/ola-ka-ola,2026-04-16
https://fountainofscale.com/reports/outat,2026-04-16
https://fountainofscale.com/reports/progressive-neuro,2026-04-16
https://fountainofscale.com/reports/redreamer-lab,2026-04-16
https://fountainofscale.com/reports/redvest,2026-04-16
https://fountainofscale.com/reports/reproductive-solutions,2026-04-16
https://fountainofscale.com/reports/return-signals,2026-04-16
https://fountainofscale.com/reports/rexlytics,2026-04-16
https://fountainofscale.com/reports/san-franola,2026-04-16
https://fountainofscale.com/reports/sellscale,2026-04-16
https://fountainofscale.com/reports/sharpen-dtx,2026-04-16
https://fountainofscale.com/reports/solactron,2026-04-16
https://fountainofscale.com/reports/southern-beams-builds,2026-04-16
https://fountainofscale.com/reports/storecash-ai,2026-04-16
https://fountainofscale.com/reports/summit-technology-laboratory,2026-04-16
https://fountainofscale.com/reports/suntrain,2026-04-16
https://fountainofscale.com/reports/syntopa,2026-04-16
https://fountainofscale.com/reports/thermal-smart-aerogel,2026-04-16
https://fountainofscale.com/reports/x-one-inc,2026-04-16
https://fountainofscale.com/reports/poly-consulting,2026-04-20
https://fountainofscale.com/reports/battier,2026-04-20
https://fountainofscale.com/reports/amelia-risk,2026-04-21
https://fountainofscale.com/reports/attractful,2026-04-21
https://fountainofscale.com/reports/brekky-golf,2026-04-21
https://fountainofscale.com/reports/catalyst-global,2026-04-21
https://fountainofscale.com/reports/cauris,2026-04-21
https://fountainofscale.com/reports/changelabs,2026-04-21
https://fountainofscale.com/reports/coachability,2026-04-21
https://fountainofscale.com/reports/confitence-ai,2026-04-21
https://fountainofscale.com/reports/curio-ventures,2026-04-21
https://fountainofscale.com/reports/datafalcon,2026-04-21
https://fountainofscale.com/reports/dragonhorse-interactive,2026-04-21
https://fountainofscale.com/reports/early-june,2026-04-21
https://fountainofscale.com/reports/find-the-foxx,2026-04-21
https://fountainofscale.com/reports/global-cancer-technology,2026-04-21
https://fountainofscale.com/reports/gotomarketusa,2026-04-21
https://fountainofscale.com/reports/handmade-ventures,2026-04-21
https://fountainofscale.com/reports/heartfelt-strategy,2026-04-21
https://fountainofscale.com/reports/insight-scope,2026-04-21
https://fountainofscale.com/reports/kirabo,2026-04-21
https://fountainofscale.com/reports/leadroller,2026-04-21
https://fountainofscale.com/reports/n3-innovation,2026-04-21
https://fountainofscale.com/reports/next-frontier-search,2026-04-21
https://fountainofscale.com/reports/northstar-biz-consulting,2026-04-21
https://fountainofscale.com/reports/oasys-building-technology,2026-04-21
https://fountainofscale.com/reports/planna,2026-04-21
https://fountainofscale.com/reports/pontic-technology,2026-04-21
https://fountainofscale.com/reports/prenostik,2026-04-21
https://fountainofscale.com/reports/product-hiring-house,2026-04-21
https://fountainofscale.com/reports/qonectin,2026-04-21
https://fountainofscale.com/reports/render-better,2026-04-21
https://fountainofscale.com/reports/saas-cmo-pro,2026-04-21
https://fountainofscale.com/reports/sapphire-cfo-solutions,2026-04-21
https://fountainofscale.com/reports/spacer-robotics,2026-04-21
https://fountainofscale.com/reports/spark-thermionics,2026-04-21
https://fountainofscale.com/reports/sur-ryl-marketing,2026-04-21
https://fountainofscale.com/reports/team-and-tonic,2026-04-21
https://fountainofscale.com/reports/tokuda-technology,2026-04-21
https://fountainofscale.com/reports/u-first-capital,2026-04-21
https://fountainofscale.com/reports/ubo-technology,2026-04-21
https://fountainofscale.com/reports/vero-bioscience,2026-04-21
https://fountainofscale.com/reports/impel-consulting,2026-04-21
https://fountainofscale.com/reports/intersection-growth-partners,2026-04-21
https://fountainofscale.com/reports/john-sanders,2026-04-21
https://fountainofscale.com/reports/knightsgate-ventures,2026-04-21
https://fountainofscale.com/reports/lisa-pepper-satkin,2026-04-21
https://fountainofscale.com/reports/neuvik,2026-04-21
https://fountainofscale.com/reports/ops-designed,2026-04-21
https://fountainofscale.com/reports/over-j-consulting,2026-04-21
https://fountainofscale.com/reports/panorama-strategy,2026-04-21
https://fountainofscale.com/reports/pisces-oceans,2026-04-21
https://fountainofscale.com/reports/psblty,2026-04-21
https://fountainofscale.com/reports/resilient-markets,2026-04-21
https://fountainofscale.com/reports/santa-barbara-it-group,2026-04-21
https://fountainofscale.com/reports/sterling-road,2026-04-21
https://fountainofscale.com/reports/the-abbey-group,2026-04-21
https://fountainofscale.com/reports/torch,2026-04-21
https://fountainofscale.com/reports/tylt-ventures,2026-04-21
https://fountainofscale.com/reports/webintensive-software,2026-04-21
https://fountainofscale.com/reports/weill-media,2026-04-21
https://fountainofscale.com/reports/ai-momentum-partners,2026-04-22
https://fountainofscale.com/reports/bluedialog,2026-04-22
https://fountainofscale.com/reports/book-society,2026-04-22
https://fountainofscale.com/reports/brandedstreams,2026-04-22
https://fountainofscale.com/reports/crowdcoursing,2026-04-22
https://fountainofscale.com/reports/crux-workplace,2026-04-22
https://fountainofscale.com/reports/crystal-genetics,2026-04-22
https://fountainofscale.com/reports/d3-sports-tech,2026-04-22
https://fountainofscale.com/reports/editora,2026-04-22
https://fountainofscale.com/reports/electric-vehicle-choice,2026-04-22
https://fountainofscale.com/reports/eqimindset,2026-04-22
https://fountainofscale.com/reports/first-tracks-logistics,2026-04-22
https://fountainofscale.com/reports/food-impact-partners,2026-04-22
https://fountainofscale.com/reports/foretell-us,2026-04-22
https://fountainofscale.com/reports/growing-impact,2026-04-22
https://fountainofscale.com/reports/hexaflex-strategies,2026-04-22
https://fountainofscale.com/reports/honeycomb,2026-04-22
https://fountainofscale.com/reports/ikkio,2026-04-22
https://fountainofscale.com/reports/illumina-cpa-group,2026-04-22
https://fountainofscale.com/reports/ingeniti,2026-04-22
https://fountainofscale.com/reports/inklogic,2026-04-22
https://fountainofscale.com/reports/innovation-44,2026-04-22
https://fountainofscale.com/reports/intelletec-energy,2026-04-22
https://fountainofscale.com/reports/invenir-ai,2026-04-22
https://fountainofscale.com/reports/itemfarm,2026-04-22
https://fountainofscale.com/reports/iwish,2026-04-22
https://fountainofscale.com/reports/jarvis-pay,2026-04-22
https://fountainofscale.com/reports/keepitgrowing,2026-04-22
https://fountainofscale.com/reports/local-leads-leader,2026-04-22
https://fountainofscale.com/reports/lto,2026-04-22
https://fountainofscale.com/reports/marital-dispute-advisors,2026-04-22
https://fountainofscale.com/reports/medisensor,2026-04-22
https://fountainofscale.com/reports/mentorship-academy,2026-04-22
https://fountainofscale.com/reports/mg-media-creative,2026-04-22
https://fountainofscale.com/reports/middle-eastern-virtual-clinic,2026-04-22
https://fountainofscale.com/reports/mission-profitable,2026-04-22
https://fountainofscale.com/reports/monster-forge-productions,2026-04-22
https://fountainofscale.com/reports/my-pathway-to-college,2026-04-22
https://fountainofscale.com/reports/mycro-harvest,2026-04-22
https://fountainofscale.com/reports/nerview-surgical,2026-04-22
https://fountainofscale.com/reports/next-game-advisors,2026-04-22
https://fountainofscale.com/reports/no-fluff-selling,2026-04-22
https://fountainofscale.com/reports/nubrand,2026-04-22
https://fountainofscale.com/reports/oneportal,2026-04-22
https://fountainofscale.com/reports/ozeki-technologies,2026-04-22
https://fountainofscale.com/reports/parthian-energy,2026-04-22
https://fountainofscale.com/reports/prolev-technologies,2026-04-22
https://fountainofscale.com/reports/qview-medical,2026-04-22
https://fountainofscale.com/reports/rappel,2026-04-22
https://fountainofscale.com/reports/reelwurld,2026-04-22
https://fountainofscale.com/reports/resurge-therapeutics,2026-04-22
https://fountainofscale.com/reports/rmgs,2026-04-22
https://fountainofscale.com/reports/satellite,2026-04-22
https://fountainofscale.com/reports/shine-talent,2026-04-22
https://fountainofscale.com/reports/simpl-global,2026-04-22
https://fountainofscale.com/reports/stiddle,2026-04-22
https://fountainofscale.com/reports/supercreativepeople,2026-04-22
https://fountainofscale.com/reports/talentrubric,2026-04-22
https://fountainofscale.com/reports/tech-inception,2026-04-22
https://fountainofscale.com/reports/learning-futures-group,2026-04-22
https://fountainofscale.com/reports/thegiantoctopus,2026-04-22
https://fountainofscale.com/reports/thinkmojo,2026-04-22
https://fountainofscale.com/reports/together-tools,2026-04-22
https://fountainofscale.com/reports/tribalize,2026-04-22
https://fountainofscale.com/reports/tribe,2026-04-22
https://fountainofscale.com/reports/unify-recruit,2026-04-22
https://fountainofscale.com/reports/up2utech,2026-04-22
https://fountainofscale.com/reports/velodash,2026-04-22
https://fountainofscale.com/reports/venegas-capital,2026-04-22
https://fountainofscale.com/reports/venuedge,2026-04-22
https://fountainofscale.com/reports/vpecoach,2026-04-22
https://fountainofscale.com/reports/wair,2026-04-22
https://fountainofscale.com/reports/wakario,2026-04-22
https://fountainofscale.com/reports/walk-your-plans-oc,2026-04-22
https://fountainofscale.com/reports/wander-health,2026-04-22
https://fountainofscale.com/reports/z-group-la,2026-04-22
https://fountainofscale.com/reports/zaza-media,2026-04-22
https://fountainofscale.com/reports/aionis,2026-04-22
https://fountainofscale.com/reports/airx-health,2026-04-22
https://fountainofscale.com/reports/andromeda-surgical,2026-04-22
https://fountainofscale.com/reports/barking-ad-media,2026-04-22
https://fountainofscale.com/reports/bee-direct-marketing,2026-04-22
https://fountainofscale.com/reports/bennu,2026-04-22
https://fountainofscale.com/reports/beyond-admissions,2026-04-22
https://fountainofscale.com/reports/brevvie,2026-04-22
https://fountainofscale.com/reports/buzzer,2026-04-22
https://fountainofscale.com/reports/c4gs-zedlife,2026-04-22
https://fountainofscale.com/reports/cabrico,2026-04-22
https://fountainofscale.com/reports/ciye,2026-04-22
https://fountainofscale.com/reports/cmcollective,2026-04-22
https://fountainofscale.com/reports/cosmos-technology,2026-04-22
https://fountainofscale.com/reports/daystohappy,2026-04-22
https://fountainofscale.com/reports/determined-health,2026-04-22
https://fountainofscale.com/reports/digital-vision-agency,2026-04-22
https://fountainofscale.com/reports/doc-e,2026-04-22
https://fountainofscale.com/reports/echelon-search-partners,2026-04-22
https://fountainofscale.com/reports/geogram,2026-04-22
https://fountainofscale.com/reports/getgoaler,2026-04-22
https://fountainofscale.com/reports/gforce,2026-04-22
https://fountainofscale.com/reports/gridtractor,2026-04-22
https://fountainofscale.com/reports/lyf-matters,2026-04-22
https://fountainofscale.com/reports/mandano,2026-04-22
https://fountainofscale.com/reports/mytrailpals,2026-04-22
https://fountainofscale.com/reports/airion,2026-04-23
https://fountainofscale.com/reports/alstar-consulting-group,2026-04-23
https://fountainofscale.com/reports/anderson-pine,2026-04-23
https://fountainofscale.com/reports/atriano,2026-04-23
https://fountainofscale.com/reports/carbon-origins,2026-04-23
https://fountainofscale.com/reports/carenami,2026-04-23
https://fountainofscale.com/reports/coachlab,2026-04-23
https://fountainofscale.com/reports/communicatemore,2026-04-23
https://fountainofscale.com/reports/constellation-immersive,2026-04-23
https://fountainofscale.com/reports/corra-health,2026-04-23
https://fountainofscale.com/reports/criteria-entertainment,2026-04-23
https://fountainofscale.com/reports/curbside-electric,2026-04-23
https://fountainofscale.com/reports/dalton-bioanalytics,2026-04-23
https://fountainofscale.com/reports/datavertex,2026-04-23
https://fountainofscale.com/reports/digital-wave-design,2026-04-23
https://fountainofscale.com/reports/elevated-influence,2026-04-23
https://fountainofscale.com/reports/ethos-ink-media,2026-04-23
https://fountainofscale.com/reports/evodyne-robotics,2026-04-23
https://fountainofscale.com/reports/exergy-systems,2026-04-23
https://fountainofscale.com/reports/green-hive-spaces,2026-04-23
https://fountainofscale.com/reports/gro-creative,2026-04-23
https://fountainofscale.com/reports/groovience,2026-04-23
https://fountainofscale.com/reports/haptech-holdings,2026-04-23
https://fountainofscale.com/reports/jg2-collective,2026-04-23
https://fountainofscale.com/reports/kompanic,2026-04-23
https://fountainofscale.com/reports/labforinvention,2026-04-23
https://fountainofscale.com/reports/luna-cx,2026-04-23
https://fountainofscale.com/reports/mali-and-friends,2026-04-23
https://fountainofscale.com/reports/metre,2026-04-23
https://fountainofscale.com/reports/modern-cfo,2026-04-23
https://fountainofscale.com/reports/multi-hyphen-media,2026-04-23
https://fountainofscale.com/reports/my-learning-labs,2026-04-23
https://fountainofscale.com/reports/nitro-workforce,2026-04-23
https://fountainofscale.com/reports/northstar-solar,2026-04-23
https://fountainofscale.com/reports/novelance,2026-04-23
https://fountainofscale.com/reports/nv-media,2026-04-23
https://fountainofscale.com/reports/nyfik,2026-04-23
https://fountainofscale.com/reports/pacific-business-partners,2026-04-23
https://fountainofscale.com/reports/parkclear,2026-04-23
https://fountainofscale.com/reports/partnerite,2026-04-23
https://fountainofscale.com/reports/personal-magic,2026-04-23
https://fountainofscale.com/reports/petcoil,2026-04-23
https://fountainofscale.com/reports/pilot-lab,2026-04-23
https://fountainofscale.com/reports/prossimo-tech,2026-04-23
https://fountainofscale.com/reports/realryder,2026-04-23
https://fountainofscale.com/reports/revolve-practice-transitions,2026-04-23
https://fountainofscale.com/reports/rotate8,2026-04-23
https://fountainofscale.com/reports/schulman-communications,2026-04-23
https://fountainofscale.com/reports/shalla-nyc,2026-04-23
https://fountainofscale.com/reports/soar-optics,2026-04-23
https://fountainofscale.com/reports/stellation,2026-04-23
https://fountainofscale.com/reports/the-legal-billing-group,2026-04-23
https://fountainofscale.com/reports/the-travel-mom,2026-04-23
https://fountainofscale.com/reports/the-wardrobe-essentialist,2026-04-23
https://fountainofscale.com/reports/toro-neurovascular,2026-04-23
https://fountainofscale.com/reports/tricubics,2026-04-23
https://fountainofscale.com/reports/uct-mobility,2026-04-23
https://fountainofscale.com/reports/vice3d,2026-04-23
https://fountainofscale.com/reports/vitribiome,2026-04-23
https://fountainofscale.com/reports/john-sanders,2026-04-21
https://fountainofscale.com/reports/pathloom,2026-04-27
https://fountainofscale.com/reports/tmp-metals-group,2026-04-27
https://fountainofscale.com/reports/thruline-networks,2026-04-27
https://fountainofscale.com/reports/sharpe-alliance,2026-04-27
https://fountainofscale.com/reports/air-show-network,2026-04-27
https://fountainofscale.com/reports/tenth-floor,2026-04-27
https://fountainofscale.com/reports/watermark-worldwide,2026-04-27
https://fountainofscale.com/reports/vasquez-arbor-care,2026-04-27
https://fountainofscale.com/reports/uwc-private-equity,2026-04-27
https://fountainofscale.com/reports/unleashed-music,2026-04-27
https://fountainofscale.com/reports/true-pedigree,2026-04-27
https://fountainofscale.com/reports/19y-advisors,2026-04-27
https://fountainofscale.com/reports/addictive-health,2026-04-27
https://fountainofscale.com/reports/apla-group,2026-04-27
https://fountainofscale.com/reports/beach-agency-group,2026-04-27
https://fountainofscale.com/reports/bell-ivy,2026-04-27
https://fountainofscale.com/reports/bk-marketing-consulting,2026-04-27
https://fountainofscale.com/reports/big-machine-agency,2026-04-27
https://fountainofscale.com/reports/black-chamber-ie,2026-04-27
https://fountainofscale.com/reports/blue-sapphire-homes,2026-04-27
https://fountainofscale.com/reports/competitive-excellence,2026-04-27
https://fountainofscale.com/reports/confx,2026-04-27
https://fountainofscale.com/reports/convergence-point-media,2026-04-27
https://fountainofscale.com/reports/creative-nxgen-petroleum,2026-04-27
https://fountainofscale.com/reports/double-helix-optics,2026-04-27
https://fountainofscale.com/reports/drain-mob,2026-04-27
https://fountainofscale.com/reports/eighth-era-studios,2026-04-27
https://fountainofscale.com/reports/entrada-ventures,2026-04-27
https://fountainofscale.com/reports/evodyne-robotics,2026-04-23
https://fountainofscale.com/reports/factor-talent,2026-04-27
https://fountainofscale.com/reports/farmers-fertilizer-supply,2026-04-27
https://fountainofscale.com/reports/fyc-media,2026-04-27
https://fountainofscale.com/reports/gale-strategies,2026-04-27
https://fountainofscale.com/reports/gotbio,2026-04-27
https://fountainofscale.com/reports/ghost-rocket,2026-04-27
https://fountainofscale.com/reports/grassp-health,2026-04-27
https://fountainofscale.com/reports/gray-matter-nyc,2026-04-27
https://fountainofscale.com/reports/greenlane,2026-04-27
https://fountainofscale.com/reports/hanhan-commercial-group,2026-04-27
https://fountainofscale.com/reports/avg-partners,2026-04-27
https://fountainofscale.com/reports/heartland-international,2026-04-27
https://fountainofscale.com/reports/heritage-restaurant-brands,2026-04-27
https://fountainofscale.com/reports/heritage-restaurant-brands-reem,2026-04-27
https://fountainofscale.com/reports/hg-media-group,2026-04-27
https://fountainofscale.com/reports/interstella,2026-04-27
https://fountainofscale.com/reports/istudios-marketing,2026-04-27
https://fountainofscale.com/reports/jag-karya-logistik,2026-04-27
https://fountainofscale.com/reports/jarry-media,2026-04-27
https://fountainofscale.com/reports/jdk-comms,2026-04-27
https://fountainofscale.com/reports/jerico-development,2026-04-27
https://fountainofscale.com/reports/keystone-creating,2026-04-27
https://fountainofscale.com/reports/kiwi-biosciences,2026-04-27
https://fountainofscale.com/reports/looking-up-arts,2026-04-27
https://fountainofscale.com/reports/mango-math,2026-04-27
https://fountainofscale.com/reports/mcda-ccg,2026-04-27
https://fountainofscale.com/reports/mega-global-edu,2026-04-27
https://fountainofscale.com/reports/nanosilicon,2026-04-27
https://fountainofscale.com/reports/nozomi-medalliance,2026-04-27
https://fountainofscale.com/reports/omg-entertainment,2026-04-27
https://fountainofscale.com/reports/omg-entertainment-yueying,2026-04-27
https://fountainofscale.com/reports/oodles-energy,2026-04-27
https://fountainofscale.com/reports/pacific-modular-alliance,2026-04-27
https://fountainofscale.com/reports/paz-analytics,2026-04-27
https://fountainofscale.com/reports/profit-xl,2026-04-27
https://fountainofscale.com/reports/redjet-entertainment,2026-04-27
https://fountainofscale.com/reports/rome-real-estate,2026-04-27
https://fountainofscale.com/reports/rpn-ventures,2026-04-27
https://fountainofscale.com/reports/saint-brigid-academy,2026-04-27
https://fountainofscale.com/reports/sellrbox,2026-04-27
https://fountainofscale.com/reports/capix,2026-04-14
